Company,Age,Salary,Place,Gender
TCS,20.0,,Chennai,0
Infosys,30.0,,Mumbai,0
TCS,35.0,2300.0,Calcutta,0
Infosys,40.0,3000.0,Delhi,0
TCS,23.0,4000.0,Mumbai,0
Infosys,,5000.0,Calcutta,0
TCS,,6000.0,Chennai,1
Infosys,23.0,7000.0,Mumbai,1
TCS,34.0,8000.0,Calcutta,1
CTS,45.0,9000.0,Delhi,0
CTS,23.0,,Mumbai,0
CTS,34.0,1089.0,Calcutta,0
CTS,45.0,,Chennai,0
CTS,18.0,1234.0,Mumbai,0
Infosys,40.0,3000.0,Calcutta,0
TCS,23.0,3000.0,Delhi,0
Infosys,23.0,3030.0,Podicherry,0
TCS,34.0,5000.0,Cochin,0
TCS,22.0,,Chennai,0
Infosys,32.0,,Mumbai,0
TCS,37.0,3045.0,Calcutta,0
Infosys,50.0,3184.0,Delhi,0
TCS,21.0,4824.0,Mumbai,0
Infosys,,5835.0,Cochin,0
TCS,,7084.0,Chennai,1
Infosys,23.0,8943.0,Mumbai,1
TCS,34.0,8345.0,Calcutta,1
CTS,45.0,9284.0,Delhi,1
CTS,23.0,9876.0,Mumbai,1
CTS,35.0,2034.0,Cochin,0
CTS,46.0,7654.0,Chennai,0
CTS,20.0,2934.0,Mumbai,0
Infosys,45.0,4034.0,Calcutta,0
TCS,36.0,5034.0,,0
Infosys,26.0,8202.0,,0
TCS,35.0,9024.0,,1
TCS,32.0,,Noida,0
,35.0,,Hyderabad,0
TCS,34.0,2300.0,Calcutta,0
Infosys,41.0,3000.0,Mumbai,0
TCS,24.0,4345.0,Calcutta,0
Infosys,,5000.0,,0
TCS,,6000.0,,0
Infosys,25.0,7000.0,,0
TCS,35.0,8000.0,Noida,1
CTS,46.0,9000.0,Hyderabad,1
CTS,24.0,,Calcutta,0
CTS,32.0,1089.0,Mumbai,0
CTS,43.0,,Mumbai,0
CTS,19.0,1234.0,Cochin,0
Infosys,41.0,3000.0,Chennai,0
,24.0,3000.0,Mumbai,0
Infosys,21.0,3030.0,Calcutta,0
TCS,35.0,5000.0,Delhi,0
TCS,21.0,6544.0,Mumbai,0
Infosys,32.0,7654.0,Cochin,0
TCS,38.0,3045.0,Noida,0
Infosys,51.0,3184.0,Hyderabad,0
TCS,23.0,4824.0,Calcutta,0
Infosys,,5835.0,Mumbai,0
TCS,,7084.0,Calcutta,0
,25.0,8943.0,,1
Tata Consultancy Services,36.0,8345.0,,1
CTS,41.0,9284.0,,1
,25.0,6543.0,Noida,0
CTS,31.0,2034.0,Hyderabad,0
CTS,41.0,,Calcutta,0
Congnizant,21.0,2934.0,Mumbai,0
Infosys,43.0,4034.0,Mumbai,0
TCS,32.0,5034.0,Cochin,0
Infosys Pvt Lmt,21.0,8202.0,Chennai,0
TCS,34.0,9024.0,Mumbai,1
TCS,24.0,,Calcutta,0
Infosys,34.0,,Delhi,0
TCS,37.0,2300.0,Mumbai,0
Infosys,44.0,3000.0,Cochin,0
TCS,32.0,4000.0,Noida,0
Infosys,,5000.0,Hyderabad,0
TCS,,6000.0,Calcutta,0
Infosys,26.0,7000.0,Bhopal,0
TCS,32.0,8000.0,Nagpur,0
CTS,43.0,9000.0,Pune,1
CTS,22.0,,Pune,0
CTS,33.0,1089.0,Chennai,0
CTS,17.0,1234.0,Calcutta,0
Infosys,41.0,3000.0,Delhi,0
TCS,21.0,3000.0,Mumbai,0
Infosys,0.0,3030.0,Calcutta,0
TCS,36.0,5000.0,Chennai,0
TCS,21.0,,Mumbai,0
Infosys,34.0,,Calcutta,0
TCS,0.0,3045.0,Delhi,0
Infosys,54.0,3184.0,Mumbai,0
TCS,22.0,4824.0,Calcutta,0
Infosys,,5835.0,Chennai,0
TCS,,7084.0,Mumbai,1
Infosys,22.0,8943.0,Calcutta,1
TCS,33.0,8345.0,Delhi,1
CTS,44.0,9284.0,Podicherry,1
CTS,22.0,,Cochin,0
CTS,0.0,2034.0,Podicherry,0
CTS,44.0,,Mumbai,0
CTS,22.0,2934.0,Calcutta,0
Infosys,44.0,4034.0,Delhi,0
TCS,33.0,5034.0,Mumbai,0
Infosys,22.0,8202.0,Cochin,1
TCS,0.0,9024.0,Chennai,1
TCS,33.0,,Mumbai,0
,33.0,,Calcutta,0
TCS,33.0,2300.0,Delhi,0
Infosys,0.0,3234.0,Mumbai,0
TCS,22.0,4324.0,Cochin,0
Infosys,,5435.0,Chennai,0
TCS,,5555.0,Mumbai,0
Infosys,22.0,8787.0,Calcutta,0
TCS,33.0,8787.0,,1
CTS,44.0,9876.0,,1
CTS,22.0,,,0
CTS,33.0,1089.0,Noida,0
CTS,44.0,,Hyderabad,0
CTS,0.0,1234.0,Calcutta,0
Infosys,44.0,3234.0,Mumbai,0
,,3454.0,Calcutta,0
Infosys,22.0,8787.0,Calcutta,1
TCS,33.0,5654.0,,1
TCS,20.0,5009.0,,1
Infosys,30.0,5098.0,Noida,0
TCS,33.0,3045.0,Hyderabad,0
Infosys,50.0,3184.0,Calcutta,0
TCS,,7084.0,Cochin,1
,22.0,8943.0,Chennai,0
Tata Consultancy Services,31.0,8345.0,Mumbai,0
CTS,40.0,9284.0,Calcutta,1
,,,Delhi,0
CTS,31.0,2034.0,Mumbai,0
CTS,44.0,3033.0,Cochin,0
Congnizant,22.0,2934.0,Noida,0
Infosys,44.0,4034.0,Hyderabad,0
TCS,33.0,5034.0,Calcutta,0
Infosys Pvt Lmt,22.0,8202.0,Mumbai,0
TCS,33.0,9024.0,Calcutta,1
Infosys,44.0,4034.0,Delhi,1
TCS,33.0,5034.0,Mumbai,1
Infosys,22.0,8202.0,Cochin,0
